cohort_year,avg_sip_amount,total_invested,top_fund
2024,10996.885825361911,3491125187,148568
2025,13505.209580838324,30455243,119599
